0.548514,-0.120899,0.23922,3.141593,0,1.570796
0.548515,-0.1209,0.239221,3.141593,-0.000003,1.570796
0.548516,-0.120902,0.239223,3.141593,-0.000013,1.570796
0.548519,-0.120907,0.239227,3.141593,-0.000028,1.570796
0.548522,-0.120913,0.239231,3.141593,-0.00005,1.570796
0.548527,-0.120921,0.239237,3.141593,-0.000078,1.570796
0.548532,-0.120931,0.239245,3.141593,-0.000113,1.570796
0.548539,-0.120942,0.239254,3.141593,-0.000154,1.570796
0.548547,-0.120955,0.239264,3.141593,-0.000201,1.570796
0.548555,-0.12097,0.239275,3.141593,-0.000254,1.570796
0.548565,-0.120987,0.239288,3.141593,-0.000314,1.570796
0.548576,-0.121005,0.239303,3.141593,-0.00038,1.570796
0.548588,-0.121026,0.239318,3.141593,-0.000452,1.570796
0.5486,-0.121048,0.239335,3.141593,-0.000531,1.570796
0.548614,-0.121071,0.239354,3.141593,-0.000615,1.570796
0.548629,-0.121097,0.239374,3.141593,-0.000706,1.570796
0.548645,-0.121124,0.239395,3.141593,-0.000804,1.570796
0.548662,-0.121153,0.239418,3.141593,-0.000907,1.570796
0.54868,-0.121184,0.239442,3.141593,-0.001017,1.570796
0.548699,-0.121216,0.239467,3.141593,-0.001134,1.570796
0.54872,-0.12125,0.239494,3.141593,-0.001256,1.570796
0.548741,-0.121286,0.239522,3.141593,-0.001385,1.570796
0.548763,-0.121324,0.239552,3.141593,-0.00152,1.570796
0.548787,-0.121363,0.239583,3.141593,-0.001661,1.570796
0.548812,-0.121404,0.239616,3.141593,-0.001809,1.570796
0.548837,-0.121446,0.23965,3.141593,-0.001962,1.570796
0.548864,-0.12149,0.239686,3.141593,-0.002123,1.570796
0.548848,-0.121464,0.239664,3.141593,-0.002289,1.570796
0.548819,-0.121416,0.239626,3.141593,-0.002462,1.570796
0.548789,-0.121366,0.239586,3.141593,-0.002641,1.570796
0.548758,-0.121315,0.239546,3.141593,-0.002826,1.570796
0.548727,-0.121262,0.239504,3.141593,-0.003018,1.570796
0.548694,-0.121208,0.23946,3.141593,-0.003215,1.570796
0.548661,-0.121151,0.239416,3.141593,-0.003419,1.570796
0.548627,-0.121093,0.239371,3.141593,-0.00363,1.570796
0.548592,-0.121033,0.239324,3.141593,-0.003846,1.570796
0.548556,-0.120971,0.239276,3.141593,-0.004069,1.570796
0.548519,-0.120908,0.239227,3.141593,-0.004299,1.570796
0.548482,-0.120843,0.239177,3.141593,-0.004534,1.570796
0.548443,-0.120776,0.239126,3.141593,-0.004776,1.570796
0.548404,-0.120707,0.239074,3.141593,-0.005024,1.570796
0.548365,-0.120636,0.239021,3.141593,-0.005278,1.570796
0.548324,-0.120564,0.238967,3.141593,-0.005539,1.570796
0.548283,-0.12049,0.238912,3.141593,-0.005806,1.570796
0.548241,-0.120414,0.238856,3.141593,-0.006079,1.570796
0.548198,-0.120336,0.238799,3.141593,-0.006358,1.570796
0.548155,-0.120257,0.238741,3.141593,-0.006644,1.570796
0.548111,-0.120176,0.238682,3.141593,-0.006936,1.570796
0.548066,-0.120093,0.238622,3.141593,-0.007235,1.570796
0.548021,-0.120008,0.238561,3.141593,-0.007539,1.570796
0.547975,-0.119922,0.2385,3.141593,-0.00785,1.570796
0.547929,-0.119833,0.238437,3.141593,-0.008167,1.570796
0.547882,-0.119743,0.238374,3.141593,-0.008491,1.570796
0.547835,-0.119652,0.23831,3.141593,-0.00882,1.570796
0.547787,-0.119558,0.238246,3.141593,-0.009156,1.570796
0.547738,-0.119463,0.23818,3.141593,-0.009498,1.570796
0.547689,-0.119365,0.238114,3.141593,-0.009847,1.570796
0.54764,-0.119266,0.238048,3.141593,-0.010202,1.570796
0.54759,-0.119166,0.23798,3.141593,-0.010563,1.570796
0.54754,-0.119063,0.237912,3.141593,-0.01093,1.570796
0.547489,-0.118959,0.237844,3.141593,-0.011304,1.570796
0.547438,-0.118852,0.237774,3.141593,-0.011684,1.570796
0.547387,-0.118745,0.237705,3.141593,-0.01207,1.570796
0.547335,-0.118635,0.237635,3.141593,-0.012463,1.570796
0.547284,-0.118523,0.237564,3.141593,-0.012861,1.570796
0.547231,-0.11841,0.237493,3.141593,-0.013266,1.570796
0.547179,-0.118295,0.237421,3.141593,-0.013678,1.570796
0.547126,-0.118178,0.237349,3.141593,-0.014095,1.570796
0.547073,-0.118059,0.237276,3.141593,-0.014519,1.570796
0.54702,-0.117938,0.237204,3.141593,-0.014949,1.570796
0.546967,-0.117816,0.23713,3.141593,-0.015386,1.570796
0.546913,-0.117692,0.237057,3.141593,-0.015829,1.570796
0.546859,-0.117566,0.236983,3.141593,-0.016278,1.570796
0.546806,-0.117438,0.236909,3.141593,-0.016733,1.570796
0.546752,-0.117308,0.236835,3.141593,-0.017195,1.570796
0.546698,-0.117177,0.236761,3.141593,-0.017662,1.570796
0.546644,-0.117044,0.236686,3.141593,-0.018137,1.570796
0.54659,-0.116909,0.236611,3.141593,-0.018617,1.570796
0.546536,-0.116772,0.236536,3.141593,-0.019104,1.570796
0.546482,-0.116633,0.236461,3.141593,-0.019597,1.570796
0.546428,-0.116493,0.236386,3.141593,-0.020096,1.570796
0.546375,-0.11635,0.236311,3.141593,-0.020601,1.570796
0.546321,-0.116206,0.236236,3.141593,-0.021113,1.570796
0.546267,-0.11606,0.236161,3.141593,-0.021631,1.570796
0.546214,-0.115912,0.236086,3.141593,-0.022156,1.570796
0.54616,-0.115763,0.236012,3.141593,-0.022686,1.570796
0.546107,-0.115611,0.235937,3.141593,-0.023223,1.570796
0.546054,-0.115458,0.235862,3.141593,-0.023767,1.570796
0.546001,-0.115303,0.235788,3.141593,-0.024316,1.570796
0.545949,-0.115146,0.235713,3.141593,-0.024872,1.570796
0.545897,-0.114987,0.235639,3.141593,-0.025434,1.570796
0.545845,-0.114827,0.235566,3.141593,-0.026002,1.570796
0.545793,-0.114665,0.235492,3.141593,-0.026577,1.570796
0.545741,-0.1145,0.235419,3.141593,-0.027158,1.570796
0.54569,-0.114334,0.235346,3.141593,-0.027745,1.570796
0.54564,-0.114167,0.235273,3.141593,-0.028338,1.570796
0.54559,-0.113997,0.235201,3.141593,-0.028938,1.570796
0.54554,-0.113826,0.235129,3.141593,-0.029544,1.570796
0.54549,-0.113652,0.235058,3.141593,-0.030156,1.570796
0.545441,-0.113477,0.234987,3.141593,-0.030775,1.570796
0.545393,-0.1133,0.234917,3.141593,-0.0314,1.570796
0.545345,-0.113122,0.234847,3.141593,-0.032031,1.570796
0.545297,-0.112941,0.234778,3.141593,-0.032668,1.570796
0.54525,-0.112759,0.234709,3.141593,-0.033312,1.570796
0.545204,-0.112575,0.234641,3.141593,-0.033962,1.570796
0.545158,-0.112389,0.234573,3.141593,-0.034618,1.570796
0.545112,-0.112201,0.234506,3.141593,-0.035281,1.570796
0.545068,-0.112011,0.23444,3.141593,-0.03595,1.570796
0.545024,-0.11182,0.234375,3.141593,-0.036625,1.570796
0.54498,-0.111626,0.23431,3.141593,-0.037306,1.570796
0.544937,-0.111431,0.234246,3.141593,-0.037994,1.570796
0.544895,-0.111234,0.234183,3.141593,-0.038688,1.570796
0.544854,-0.111036,0.23412,3.141593,-0.039388,1.570796
0.544813,-0.110835,0.234059,3.141593,-0.040094,1.570796
0.544773,-0.110633,0.233998,3.141593,-0.040807,1.570796
0.544734,-0.110429,0.233938,3.141593,-0.041526,1.570796
0.544695,-0.110223,0.233879,3.141593,-0.042252,1.570796
0.544658,-0.110015,0.233821,3.141593,-0.042983,1.570796
0.544621,-0.109806,0.233764,3.141593,-0.043721,1.570796
0.544585,-0.109594,0.233708,3.141593,-0.044465,1.570796
0.544549,-0.109381,0.233652,3.141593,-0.045216,1.570796
0.544515,-0.109166,0.233598,3.141593,-0.045972,1.570796
0.544481,-0.108949,0.233545,3.141593,-0.046736,1.570796
0.544449,-0.108731,0.233493,3.141593,-0.047505,1.570796
0.544417,-0.10851,0.233442,3.141593,-0.04828,1.570796
0.544386,-0.108288,0.233392,3.141593,-0.049062,1.570796
0.544356,-0.108065,0.233344,3.141593,-0.049847,1.570796
0.544327,-0.107842,0.233297,3.141593,-0.050632,1.570796
0.5443,-0.107619,0.233251,3.141593,-0.051417,1.570796
0.544273,-0.107396,0.233207,3.141593,-0.052202,1.570796
0.544248,-0.107173,0.233165,3.141593,-0.052987,1.570796
0.544224,-0.10695,0.233124,3.141593,-0.053772,1.570796
0.5442,-0.106726,0.233084,3.141593,-0.054557,1.570796
0.544178,-0.106503,0.233046,3.141593,-0.055342,1.570796
0.544157,-0.10628,0.233009,3.141593,-0.056127,1.570796
0.544137,-0.106057,0.232974,3.141593,-0.056912,1.570796
0.544118,-0.105834,0.23294,3.141593,-0.057697,1.570796
0.5441,-0.105611,0.232907,3.141593,-0.058482,1.570796
0.544084,-0.105388,0.232876,3.141593,-0.059267,1.570796
0.544068,-0.105164,0.232846,3.141593,-0.060052,1.570796
0.544053,-0.104941,0.232818,3.141593,-0.060837,1.570796
0.544039,-0.104718,0.232791,3.141593,-0.061622,1.570796
0.544026,-0.104495,0.232765,3.141593,-0.062407,1.570796
0.544014,-0.104272,0.23274,3.141593,-0.063192,1.570796
0.544003,-0.104049,0.232717,3.141593,-0.063977,1.570796
0.543993,-0.103826,0.232695,3.141593,-0.064762,1.570796
0.543984,-0.103602,0.232674,3.141593,-0.065547,1.570796
0.543975,-0.103379,0.232655,3.141593,-0.066332,1.570796
0.543968,-0.103156,0.232637,3.141593,-0.067117,1.570796
0.543962,-0.102933,0.23262,3.141593,-0.067902,1.570796
0.543956,-0.10271,0.232604,3.141593,-0.068687,1.570796
0.543951,-0.102487,0.23259,3.141593,-0.069472,1.570796
0.543947,-0.102264,0.232576,3.141593,-0.070257,1.570796
0.543945,-0.102041,0.232564,3.141593,-0.071042,1.570796
0.543942,-0.101818,0.232554,3.141593,-0.071827,1.570796
0.543941,-0.101595,0.232544,3.141593,-0.072612,1.570796
0.543941,-0.101372,0.232536,3.141593,-0.073397,1.570796
0.543941,-0.101148,0.232528,3.141593,-0.074182,1.570796
0.543942,-0.100925,0.232522,3.141593,-0.074967,1.570796
0.543944,-0.100702,0.232517,3.141593,-0.075752,1.570796
0.543947,-0.100479,0.232513,3.141593,-0.076537,1.570796
0.543951,-0.100256,0.232511,3.141593,-0.077322,1.570796
0.543955,-0.100033,0.232509,3.141593,-0.078107,1.570796
0.54396,-0.09981,0.232508,3.141593,-0.078892,1.570796
0.543966,-0.099587,0.232509,3.141593,-0.079677,1.570796
0.543973,-0.099364,0.232511,3.141593,-0.080462,1.570796
0.54398,-0.099141,0.232514,3.141593,-0.081247,1.570796
0.543988,-0.098918,0.232518,3.141593,-0.082032,1.570796
0.543997,-0.098696,0.232523,3.141593,-0.082817,1.570796
0.544007,-0.098473,0.232529,3.141593,-0.083602,1.570796
0.544017,-0.09825,0.232536,3.141593,-0.084387,1.570796
0.544028,-0.098027,0.232544,3.141593,-0.085172,1.570796
0.54404,-0.097804,0.232553,3.141593,-0.085957,1.570796
0.544052,-0.097581,0.232563,3.141593,-0.086742,1.570796
0.544066,-0.097358,0.232574,3.141593,-0.087527,1.570796
0.544079,-0.097135,0.232587,3.141593,-0.088312,1.570796
0.544094,-0.096912,0.2326,3.141593,-0.089097,1.570796
0.544109,-0.096689,0.232614,-3.141593,-0.089882,1.570796
0.544125,-0.096467,0.23263,-3.141593,-0.090667,1.570796
0.544141,-0.096244,0.232646,-3.141593,-0.091452,1.570796
0.544158,-0.096021,0.232663,3.141593,-0.092237,1.570796
0.544176,-0.095798,0.232681,3.141593,-0.093022,1.570796
0.544194,-0.095575,0.232701,3.141593,-0.093807,1.570796
0.544213,-0.095352,0.232721,3.141593,-0.094592,1.570796
0.544233,-0.095129,0.232742,3.141593,-0.095377,1.570796
0.544253,-0.094907,0.232764,3.141593,-0.096162,1.570796
0.544274,-0.094684,0.232787,3.141593,-0.096947,1.570796
0.544295,-0.094461,0.232811,-3.141593,-0.097732,1.570796
0.544317,-0.094238,0.232836,3.141593,-0.098517,1.570796
0.54434,-0.094015,0.232862,-3.141593,-0.099302,1.570796
0.544363,-0.093793,0.232888,-3.141593,-0.100087,1.570796
0.544387,-0.09357,0.232916,-3.141593,-0.100872,1.570796
0.544411,-0.093347,0.232945,-3.141593,-0.101657,1.570796
0.544436,-0.093124,0.232974,-3.141593,-0.102442,1.570796
0.544461,-0.092901,0.233005,-3.141593,-0.103227,1.570796
0.544487,-0.092679,0.233036,-3.141593,-0.104012,1.570796
0.544514,-0.092456,0.233068,-3.141593,-0.104797,1.570796
0.544541,-0.092233,0.233101,-3.141593,-0.105582,1.570796
0.544568,-0.09201,0.233135,-3.141593,-0.106367,1.570796
0.544597,-0.091787,0.23317,-3.141593,-0.107152,1.570796
0.544625,-0.091565,0.233205,-3.141593,-0.107937,1.570796
0.544654,-0.091342,0.233242,-3.141593,-0.108722,1.570796
0.544684,-0.091119,0.233279,-3.141593,-0.109507,1.570796
0.544714,-0.090896,0.233318,-3.141593,-0.110292,1.570796
0.544745,-0.090673,0.233357,-3.141593,-0.111077,1.570796
0.544776,-0.090451,0.233397,-3.141593,-0.111862,1.570796
0.544808,-0.090228,0.233437,-3.141593,-0.112647,1.570796
0.54484,-0.090005,0.233479,-3.141593,-0.113432,1.570796
0.544872,-0.089782,0.233521,-3.141593,-0.114217,1.570796
0.544905,-0.089559,0.233565,-3.141593,-0.115002,1.570796
0.544939,-0.089337,0.233609,-3.141593,-0.115787,1.570796
0.544973,-0.089114,0.233654,-3.141593,-0.116572,1.570796
0.545007,-0.088891,0.233699,-3.141593,-0.117357,1.570796
0.545042,-0.088668,0.233746,-3.141593,-0.118142,1.570796
0.545078,-0.088445,0.233793,-3.141593,-0.118927,1.570796
0.545114,-0.088223,0.233841,-3.141593,-0.119712,1.570796
0.54515,-0.088,0.23389,-3.141593,-0.120497,1.570796
0.545186,-0.087777,0.23394,-3.141593,-0.121282,1.570796
0.545224,-0.087554,0.23399,-3.141593,-0.122067,1.570796
0.545261,-0.087331,0.234041,-3.141593,-0.122852,1.570796
0.545299,-0.087108,0.234093,-3.141593,-0.123637,1.570796
0.545337,-0.086886,0.234146,-3.141593,-0.124422,1.570796
0.545376,-0.086663,0.2342,-3.141593,-0.125207,1.570796
0.545415,-0.08644,0.234254,-3.141593,-0.125992,1.570796
0.545455,-0.086217,0.234309,-3.141593,-0.126777,1.570796
0.545495,-0.085994,0.234365,-3.141593,-0.127562,1.570796
0.545535,-0.085771,0.234421,-3.141593,-0.128347,1.570796
0.545576,-0.085548,0.234479,-3.141593,-0.129132,1.570796
0.545617,-0.085325,0.234537,-3.141593,-0.129917,1.570796
0.545659,-0.085102,0.234596,-3.141593,-0.130702,1.570796
0.545701,-0.084879,0.234655,-3.141593,-0.131487,1.570796
0.545743,-0.084656,0.234715,-3.141593,-0.132272,1.570796
0.545785,-0.084434,0.234776,-3.141593,-0.133057,1.570796
0.545828,-0.084211,0.234838,-3.141593,-0.133842,1.570796
0.545872,-0.083988,0.234901,-3.141593,-0.134627,1.570796
0.545915,-0.083765,0.234964,-3.141593,-0.135412,1.570796
0.545959,-0.083542,0.235028,-3.141593,-0.136197,1.570796
0.546004,-0.083319,0.235092,-3.141593,-0.136982,1.570796
0.546049,-0.083096,0.235158,-3.141593,-0.137767,1.570796
0.546094,-0.082873,0.235224,-3.141593,-0.138552,1.570796
0.546139,-0.08265,0.23529,-3.141593,-0.139337,1.570796
0.546185,-0.082427,0.235358,-3.141593,-0.140122,1.570796
0.546231,-0.082203,0.235426,-3.141593,-0.140907,1.570796
0.546277,-0.08198,0.235495,-3.141593,-0.141692,1.570796
0.546324,-0.081757,0.235564,-3.141593,-0.142477,1.570796
0.546371,-0.081534,0.235634,-3.141593,-0.143262,1.570796
0.546418,-0.081311,0.235705,-3.141593,-0.144047,1.570796
0.546465,-0.081088,0.235777,-3.141593,-0.144832,1.570796
0.546513,-0.080865,0.235849,-3.141593,-0.145617,1.570796
0.546561,-0.080642,0.235922,-3.141593,-0.146402,1.570796
0.54661,-0.080419,0.235996,-3.141593,-0.147187,1.570796
0.546659,-0.080196,0.23607,-3.141593,-0.147972,1.570796
0.546708,-0.079973,0.236145,-3.141593,-0.148757,1.570796
0.546757,-0.079749,0.23622,-3.141593,-0.149542,1.570796
0.546806,-0.079526,0.236297,-3.141593,-0.150327,1.570796
0.546856,-0.079303,0.236373,-3.141593,-0.151112,1.570796
0.546906,-0.07908,0.236451,-3.141593,-0.151897,1.570796
0.546957,-0.078857,0.236529,-3.141593,-0.152682,1.570796
0.547007,-0.078633,0.236608,-3.141593,-0.153467,1.570796
0.547058,-0.07841,0.236688,-3.141593,-0.154252,1.570796
0.547109,-0.078187,0.236768,-3.141593,-0.155037,1.570796
0.54716,-0.077964,0.236849,-3.141593,-0.155822,1.570796
0.547212,-0.077741,0.23693,-3.141593,-0.156607,1.570796
0.547264,-0.077517,0.237012,-3.141593,-0.157392,1.570796
0.547316,-0.077294,0.237095,-3.141593,-0.158177,1.570796
0.547368,-0.077071,0.237178,-3.141593,-0.158962,1.570796
0.54742,-0.076848,0.237262,-3.141593,-0.159747,1.570796
0.547473,-0.076625,0.237347,-3.141593,-0.160532,1.570796
0.547526,-0.076401,0.237432,-3.141593,-0.161317,1.570796
0.547579,-0.076178,0.237518,-3.141593,-0.162102,1.570796
0.547632,-0.075955,0.237604,-3.141593,-0.162887,1.570796
0.547686,-0.075732,0.237691,-3.141593,-0.163672,1.570796
0.54774,-0.075508,0.237779,-3.141593,-0.164457,1.570796
0.547794,-0.075285,0.237867,-3.141593,-0.165242,1.570796
0.547848,-0.075062,0.237956,-3.141593,-0.166027,1.570796
0.547902,-0.074839,0.238046,-3.141593,-0.166812,1.570796
0.547956,-0.074615,0.238136,-3.141593,-0.167597,1.570796
0.548011,-0.074392,0.238226,-3.141593,-0.168382,1.570796
0.548066,-0.074169,0.238318,-3.141593,-0.169167,1.570796
0.548121,-0.073946,0.23841,-3.141593,-0.169952,1.570796
0.548176,-0.073722,0.238502,-3.141593,-0.170737,1.570796
0.548231,-0.073499,0.238595,-3.141593,-0.171522,1.570796
0.548287,-0.073276,0.238689,-3.141593,-0.172307,1.570796
0.548342,-0.073053,0.238783,-3.141593,-0.173092,1.570796
0.548398,-0.072829,0.238878,-3.141593,-0.173877,1.570796
0.548454,-0.072606,0.238973,-3.141593,-0.174662,1.570796
0.54851,-0.072383,0.239069,-3.141593,-0.175447,1.570796
0.548566,-0.07216,0.239166,-3.141593,-0.176232,1.570796
0.548623,-0.071937,0.239263,-3.141593,-0.177017,1.570796
0.548679,-0.071713,0.239361,-3.141593,-0.177802,1.570796
0.548736,-0.07149,0.239459,3.141174,-0.178338,1.570896
0.548792,-0.071267,0.239558,3.140609,-0.178787,1.57103
0.548849,-0.071044,0.239657,3.140045,-0.179237,1.571165
0.548906,-0.070821,0.239757,3.13948,-0.179686,1.571299
0.548963,-0.070598,0.239857,3.138915,-0.180135,1.571434
0.54902,-0.070375,0.239958,3.13835,-0.180585,1.57157
0.549077,-0.070152,0.24006,3.137785,-0.181034,1.571705
0.549135,-0.069929,0.240162,3.137219,-0.181483,1.571841
0.549192,-0.069705,0.240265,3.136654,-0.181932,1.571977
0.54925,-0.069482,0.240368,3.136088,-0.182381,1.572114
0.549307,-0.06926,0.240472,3.135523,-0.182829,1.572251
0.549365,-0.069037,0.240576,3.134957,-0.183278,1.572388
0.549423,-0.068814,0.240681,3.134391,-0.183727,1.572525
0.54948,-0.068591,0.240787,3.133825,-0.184175,1.572662
0.549538,-0.068368,0.240893,3.133259,-0.184624,1.5728
0.549596,-0.068145,0.240999,3.132693,-0.185072,1.572938
0.549654,-0.067922,0.241106,3.132127,-0.185521,1.573076
0.549712,-0.067699,0.241214,3.13156,-0.185969,1.573215
0.54977,-0.067477,0.241322,3.130994,-0.186417,1.573354
0.549828,-0.067254,0.24143,3.130427,-0.186865,1.573493
0.549886,-0.067031,0.241539,3.12986,-0.187313,1.573632
0.549945,-0.066809,0.241649,3.129294,-0.187761,1.573772
0.550003,-0.066586,0.241759,3.128727,-0.188209,1.573912
0.550061,-0.066364,0.24187,3.12816,-0.188657,1.574052
0.550119,-0.066141,0.241981,3.127592,-0.189105,1.574193
0.550178,-0.065919,0.242092,3.127025,-0.189553,1.574333
0.550236,-0.065696,0.242204,3.126458,-0.19,1.574475
0.550294,-0.065474,0.242317,3.12589,-0.190448,1.574616
0.550352,-0.065251,0.24243,3.125323,-0.190895,1.574757
0.550411,-0.065029,0.242544,3.124755,-0.191342,1.574899
0.550469,-0.064807,0.242658,3.124187,-0.19179,1.575041
0.550527,-0.064585,0.242773,3.123619,-0.192237,1.575184
0.550585,-0.064363,0.242888,3.123051,-0.192684,1.575326
0.550644,-0.064141,0.243003,3.122483,-0.193131,1.575469
0.550702,-0.063919,0.243119,3.121915,-0.193578,1.575612
0.55076,-0.063697,0.243236,3.121346,-0.194025,1.575756
0.550818,-0.063475,0.243353,3.120778,-0.194472,1.5759
0.550876,-0.063253,0.24347,3.120209,-0.194918,1.576044
0.550934,-0.063031,0.243588,3.11964,-0.195365,1.576188
0.550992,-0.06281,0.243707,3.119071,-0.195812,1.576332
0.55105,-0.062588,0.243826,3.118502,-0.196258,1.576477
0.551108,-0.062367,0.243945,3.117933,-0.196704,1.576622
0.551166,-0.062145,0.244065,3.117364,-0.197151,1.576768
0.551223,-0.061924,0.244185,3.116795,-0.197597,1.576913
0.551281,-0.061703,0.244306,3.116225,-0.198043,1.577059
0.551339,-0.061482,0.244427,3.115655,-0.198489,1.577205
0.551396,-0.06126,0.244548,3.115086,-0.198935,1.577352
0.551453,-0.061039,0.244671,3.114516,-0.199381,1.577499
0.551511,-0.060819,0.244793,3.113946,-0.199827,1.577646
0.551568,-0.060598,0.244916,3.113376,-0.200273,1.577793
0.551625,-0.060377,0.245039,3.112806,-0.200718,1.57794
0.551682,-0.060156,0.245163,3.112235,-0.201164,1.578088
0.551739,-0.059936,0.245287,3.111665,-0.201609,1.578236
0.551795,-0.059715,0.245412,3.111094,-0.202055,1.578385
0.551852,-0.059495,0.245537,3.110524,-0.2025,1.578533
0.551908,-0.059275,0.245663,3.109953,-0.202945,1.578682
0.551965,-0.059055,0.245789,3.109382,-0.20339,1.578831
0.552021,-0.058835,0.245915,3.108811,-0.203836,1.578981
0.552077,-0.058615,0.246042,3.10824,-0.204281,1.579131
0.552133,-0.058395,0.246169,3.107669,-0.204725,1.579281
0.552189,-0.058176,0.246297,3.107097,-0.20517,1.579431
0.552244,-0.057956,0.246425,3.106526,-0.205615,1.579581
0.5523,-0.057737,0.246553,3.105954,-0.20606,1.579732
0.552355,-0.057517,0.246682,3.105383,-0.206504,1.579883
0.55241,-0.057298,0.246811,3.104811,-0.206949,1.580035
0.552465,-0.057079,0.246941,3.104239,-0.207393,1.580186
0.552519,-0.05686,0.247071,3.103667,-0.207837,1.580338
0.552574,-0.056642,0.247201,3.103094,-0.208282,1.58049
0.552628,-0.056423,0.247332,3.102522,-0.208726,1.580643
0.552682,-0.056205,0.247463,3.101949,-0.20917,1.580796
0.552736,-0.055986,0.247594,3.101377,-0.209614,1.580949
0.55279,-0.055768,0.247726,3.100804,-0.210058,1.581102
0.552843,-0.05555,0.247858,3.100231,-0.210502,1.581256
0.552896,-0.055332,0.247991,3.099658,-0.210945,1.581409
0.552949,-0.055115,0.248124,3.099085,-0.211389,1.581563
0.553002,-0.054897,0.248257,3.098512,-0.211832,1.581718
0.553054,-0.05468,0.248391,3.097939,-0.212276,1.581873
0.553106,-0.054463,0.248525,3.097365,-0.212719,1.582027
0.553158,-0.054246,0.248659,3.096792,-0.213163,1.582183
0.55321,-0.054029,0.248794,3.096218,-0.213606,1.582338
0.553261,-0.053812,0.248929,3.095644,-0.214049,1.582494
0.553312,-0.053596,0.249065,3.09507,-0.214492,1.58265
0.553363,-0.053379,0.2492,3.094496,-0.214935,1.582806
0.553414,-0.053163,0.249336,3.093922,-0.215378,1.582963
0.553464,-0.052947,0.249473,3.093347,-0.21582,1.58312
0.553514,-0.052732,0.24961,3.092773,-0.216263,1.583277
0.553564,-0.052516,0.249747,3.092198,-0.216706,1.583434
0.553613,-0.052301,0.249884,3.091624,-0.217148,1.583592
0.553662,-0.052086,0.250022,3.091049,-0.217591,1.58375
0.553711,-0.051871,0.25016,3.090474,-0.218033,1.583908
0.553759,-0.051656,0.250298,3.089899,-0.218475,1.584067
0.553807,-0.051442,0.250437,3.089323,-0.218917,1.584225
0.553854,-0.051227,0.250576,3.088748,-0.219359,1.584385
0.553902,-0.051013,0.250715,3.088172,-0.219801,1.584544
0.553949,-0.0508,0.250854,3.087597,-0.220243,1.584703
0.553995,-0.050586,0.250994,3.087021,-0.220685,1.584863
0.554041,-0.050373,0.251134,3.086445,-0.221127,1.585024
0.554087,-0.05016,0.251274,3.085869,-0.221568,1.585184
0.554133,-0.049947,0.251415,3.085293,-0.22201,1.585345
0.554178,-0.049734,0.251556,3.084717,-0.222451,1.585506
0.554222,-0.049522,0.251697,3.08414,-0.222892,1.585667
0.554267,-0.04931,0.251839,3.083564,-0.223334,1.585829
0.554311,-0.049098,0.25198,3.082987,-0.223775,1.58599
0.554354,-0.048886,0.252122,3.08241,-0.224216,1.586153
0.554397,-0.048675,0.252264,3.081833,-0.224657,1.586315
0.55444,-0.048464,0.252407,3.081256,-0.225098,1.586478
0.554482,-0.048253,0.25255,3.080679,-0.225538,1.586641
0.554523,-0.048042,0.252692,3.080102,-0.225979,1.586804
0.554565,-0.047832,0.252836,3.079524,-0.22642,1.586967
0.554605,-0.047622,0.252979,3.078947,-0.22686,1.587131
0.554646,-0.047412,0.253123,3.078369,-0.227301,1.587295
0.554686,-0.047203,0.253267,3.077791,-0.227741,1.587459
0.554725,-0.046994,0.253411,3.077213,-0.228181,1.587624
0.554764,-0.046785,0.253555,3.076635,-0.228621,1.587789
0.554802,-0.046576,0.253699,3.076057,-0.229061,1.587954
0.55484,-0.046368,0.253844,3.075478,-0.229501,1.58812
0.554878,-0.04616,0.253989,3.0749,-0.229941,1.588285
0.554915,-0.045953,0.254134,3.074321,-0.230381,1.588451
0.554951,-0.045746,0.254279,3.073742,-0.230821,1.588618
0.554987,-0.045539,0.254425,3.073163,-0.23126,1.588784
0.555022,-0.045332,0.25457,3.072584,-0.2317,1.588951
0.555057,-0.045126,0.254716,3.072005,-0.232139,1.589118
0.555091,-0.04492,0.254862,3.071426,-0.232578,1.589285
0.555125,-0.044714,0.255008,3.070846,-0.233018,1.589453
0.555158,-0.044509,0.255155,3.070267,-0.233457,1.589621
0.55519,-0.044304,0.255301,3.069687,-0.233896,1.589789
0.555222,-0.0441,0.255448,3.069107,-0.234335,1.589958
0.555254,-0.043895,0.255595,3.068527,-0.234773,1.590127
0.555285,-0.043691,0.255742,3.067947,-0.235212,1.590296
0.555315,-0.043488,0.255889,3.067367,-0.235651,1.590465
0.555344,-0.043285,0.256036,3.066786,-0.236089,1.590635
0.555373,-0.043082,0.256184,3.066206,-0.236528,1.590805
0.555402,-0.04288,0.256331,3.065625,-0.236966,1.590975
0.55543,-0.042678,0.256479,3.065044,-0.237404,1.591145
0.555457,-0.042476,0.256626,3.064463,-0.237842,1.591316
0.555483,-0.042275,0.256774,3.063882,-0.238281,1.591487
0.555509,-0.042074,0.256922,3.063301,-0.238718,1.591658
0.555534,-0.041874,0.25707,3.062719,-0.239156,1.59183
0.555559,-0.041674,0.257218,3.062138,-0.239594,1.592002
0.555582,-0.041475,0.257367,3.061556,-0.240032,1.592174
0.555606,-0.041275,0.257515,3.060974,-0.240469,1.592346
0.555628,-0.041077,0.257664,3.060392,-0.240907,1.592519
0.55565,-0.040878,0.257812,3.05981,-0.241344,1.592692
0.555671,-0.040681,0.257961,3.059228,-0.241781,1.592865
0.555691,-0.040483,0.258109,3.058645,-0.242219,1.593039
0.555711,-0.040286,0.258258,3.058063,-0.242656,1.593213
0.55573,-0.04009,0.258407,3.05748,-0.243093,1.593387
0.555748,-0.039894,0.258556,3.056897,-0.24353,1.593561
0.555765,-0.039698,0.258705,3.056314,-0.243966,1.593736
0.555782,-0.039503,0.258853,3.055731,-0.244403,1.593911
0.555798,-0.039308,0.259002,3.055148,-0.24484,1.594086
0.555813,-0.039114,0.259151,3.054565,-0.245276,1.594262
0.555827,-0.03892,0.2593,3.053981,-0.245712,1.594437
0.555841,-0.038727,0.259449,3.053398,-0.246149,1.594614
0.555854,-0.038534,0.259598,3.052814,-0.246585,1.59479
0.555866,-0.038342,0.259748,3.05223,-0.247021,1.594967
0.555877,-0.03815,0.259897,3.051646,-0.247457,1.595143
0.555887,-0.037959,0.260046,3.051061,-0.247893,1.595321
0.555897,-0.037768,0.260195,3.050477,-0.248329,1.595498
0.555906,-0.037578,0.260344,3.049893,-0.248764,1.595676
0.555914,-0.037388,0.260493,3.049308,-0.2492,1.595854
0.555921,-0.037199,0.260642,3.048723,-0.249635,1.596032
0.555927,-0.03701,0.260791,3.048138,-0.250071,1.596211
0.555932,-0.036822,0.26094,3.047553,-0.250506,1.59639
0.555937,-0.036635,0.261089,3.046968,-0.250941,1.596569
0.55594,-0.036447,0.261238,3.046382,-0.251376,1.596749
0.555943,-0.036261,0.261386,3.045797,-0.251811,1.596928
0.555945,-0.036075,0.261535,3.045211,-0.252246,1.597108
0.555946,-0.03589,0.261684,3.044625,-0.252681,1.597289
0.555946,-0.035705,0.261832,3.044039,-0.253116,1.597469
0.555945,-0.03552,0.261981,3.043453,-0.25355,1.59765
0.555943,-0.035337,0.262129,3.042867,-0.253985,1.597831
0.55594,-0.035154,0.262278,3.04228,-0.254419,1.598013
0.555936,-0.034971,0.262426,3.041694,-0.254853,1.598195
0.555932,-0.034789,0.262574,3.041107,-0.255287,1.598377
0.555926,-0.034608,0.262722,3.04052,-0.255721,1.598559
0.555919,-0.034427,0.26287,3.039933,-0.256155,1.598742
0.555912,-0.034247,0.263018,3.039346,-0.256589,1.598924
0.555903,-0.034067,0.263166,3.038759,-0.257023,1.599108
0.555893,-0.033888,0.263314,3.038171,-0.257457,1.599291
0.555883,-0.03371,0.263461,3.037584,-0.25789,1.599475
0.555871,-0.033532,0.263608,3.036996,-0.258324,1.599659
0.555859,-0.033355,0.263756,3.036408,-0.258757,1.599843
0.555845,-0.033179,0.263903,3.03582,-0.25919,1.600028
0.55583,-0.033003,0.26405,3.035232,-0.259623,1.600213
0.555815,-0.032828,0.264196,3.034643,-0.260056,1.600398
0.555798,-0.032654,0.264343,3.034055,-0.260489,1.600583
0.55578,-0.03248,0.264489,3.033466,-0.260922,1.600769
0.555761,-0.032307,0.264635,3.032877,-0.261355,1.600955
0.555741,-0.032134,0.264781,3.032288,-0.261787,1.601141
0.55572,-0.031963,0.264927,3.031699,-0.26222,1.601328
0.555698,-0.031791,0.265073,3.03111,-0.262652,1.601515
0.555674,-0.031621,0.265218,3.030521,-0.263084,1.601702
0.55565,-0.031451,0.265363,3.029931,-0.263516,1.601889
0.555624,-0.031282,0.265508,3.029341,-0.263949,1.602077
0.555597,-0.031114,0.265653,3.028751,-0.26438,1.602265
0.55557,-0.030947,0.265798,3.028161,-0.264812,1.602453
0.555541,-0.03078,0.265942,3.027571,-0.265244,1.602642
0.55551,-0.030614,0.266086,3.026981,-0.265676,1.602831
0.555479,-0.030448,0.26623,3.02639,-0.266107,1.60302
0.555447,-0.030284,0.266373,3.0258,-0.266539,1.603209
0.555413,-0.03012,0.266516,3.025209,-0.26697,1.603399
0.555378,-0.029956,0.266659,3.024618,-0.267401,1.603589
0.555342,-0.029794,0.266802,3.024027,-0.267832,1.603779
0.555305,-0.029632,0.266945,3.023435,-0.268263,1.60397
0.555266,-0.029471,0.267087,3.022844,-0.268694,1.604161
0.555226,-0.029311,0.267228,3.022252,-0.269125,1.604352
0.555185,-0.029152,0.26737,3.021661,-0.269555,1.604543
0.555143,-0.028993,0.267511,3.021069,-0.269986,1.604735
0.555099,-0.028836,0.267652,3.020477,-0.270416,1.604927
0.555055,-0.028679,0.267793,3.019885,-0.270847,1.605119
0.555009,-0.028522,0.267933,3.019292,-0.271277,1.605312
0.554961,-0.028367,0.268073,3.0187,-0.271707,1.605505
0.554913,-0.028212,0.268212,3.018107,-0.272137,1.605698
0.554863,-0.028059,0.268351,3.017514,-0.272567,1.605892
0.554811,-0.027906,0.26849,3.016921,-0.272997,1.606085
0.554759,-0.027754,0.268629,3.016328,-0.273426,1.606279
0.554705,-0.027602,0.268767,3.015735,-0.273856,1.606474
0.55465,-0.027452,0.268905,3.015141,-0.274285,1.606668
0.554593,-0.027302,0.269042,3.014548,-0.274715,1.606863
0.554535,-0.027154,0.269179,3.013954,-0.275144,1.607058
0.554476,-0.027006,0.269315,3.01336,-0.275573,1.607254
0.554415,-0.026859,0.269452,3.012766,-0.276002,1.60745
0.554353,-0.026713,0.269587,3.012172,-0.276431,1.607646
0.55429,-0.026567,0.269723,3.011577,-0.27686,1.607842
0.554225,-0.026423,0.269857,3.010983,-0.277288,1.608039
0.554158,-0.026279,0.269992,3.010388,-0.277717,1.608236
0.554091,-0.026137,0.270126,3.009793,-0.278145,1.608433
0.554022,-0.025995,0.270259,3.009198,-0.278573,1.60863
0.553951,-0.025854,0.270393,3.008603,-0.279002,1.608828
0.553879,-0.025714,0.270525,3.008007,-0.27943,1.609026
0.553806,-0.025575,0.270657,3.007412,-0.279858,1.609224
0.553731,-0.025437,0.270789,3.006816,-0.280286,1.609423
0.553654,-0.0253,0.27092,3.00622,-0.280713,1.609622
0.553576,-0.025164,0.271051,3.005624,-0.281141,1.609821
0.553497,-0.025029,0.271181,3.005028,-0.281568,1.610021
0.553416,-0.024894,0.271311,3.004431,-0.281996,1.610221
0.553334,-0.024761,0.27144,3.003835,-0.282423,1.610421
0.55325,-0.024629,0.271569,3.003238,-0.28285,1.610621
0.553164,-0.024497,0.271697,3.002641,-0.283277,1.610822
0.553077,-0.024367,0.271825,3.002044,-0.283704,1.611023
0.552989,-0.024237,0.271952,3.001447,-0.284131,1.611224
0.552899,-0.024109,0.272078,3.00085,-0.284558,1.611426
0.552807,-0.023981,0.272204,3.000252,-0.284984,1.611627
0.552714,-0.023855,0.27233,2.999655,-0.285411,1.61183
0.552619,-0.023729,0.272455,2.999057,-0.285837,1.612032
0.552523,-0.023605,0.272579,2.998459,-0.286264,1.612235
0.552425,-0.023481,0.272703,2.997861,-0.28669,1.612438
0.552325,-0.023359,0.272826,2.997262,-0.287116,1.612641
0.552224,-0.023237,0.272948,2.996664,-0.287542,1.612845
0.552121,-0.023117,0.27307,2.996065,-0.287967,1.613049
0.552016,-0.022997,0.273192,2.995466,-0.288393,1.613253
0.55191,-0.022879,0.273312,2.994867,-0.288819,1.613457
0.551803,-0.022761,0.273432,2.994268,-0.289244,1.613662
0.551693,-0.022645,0.273552,2.993669,-0.289669,1.613867
0.551582,-0.02253,0.273671,2.993069,-0.290095,1.614072
0.551469,-0.022416,0.273789,2.99247,-0.29052,1.614278
0.551355,-0.022303,0.273906,2.99187,-0.290945,1.614484
0.551239,-0.022191,0.274023,2.99127,-0.291369,1.61469
0.551121,-0.02208,0.274139,2.99067,-0.291794,1.614897
0.551001,-0.02197,0.274255,2.990069,-0.292219,1.615104
0.55088,-0.021861,0.27437,2.989469,-0.292643,1.615311
0.550757,-0.021753,0.274484,2.988868,-0.293068,1.615518
0.550632,-0.021647,0.274597,2.988267,-0.293492,1.615726
0.550505,-0.021541,0.27471,2.987666,-0.293916,1.615934
0.550377,-0.021437,0.274822,2.987065,-0.29434,1.616142
0.550247,-0.021334,0.274933,2.986464,-0.294764,1.616351
0.550115,-0.021232,0.275044,2.985862,-0.295188,1.616559
0.549982,-0.021131,0.275154,2.985261,-0.295611,1.616769
0.549846,-0.021031,0.275263,2.984659,-0.296035,1.616978
0.549709,-0.020932,0.275371,2.984057,-0.296458,1.617188
0.54957,-0.020835,0.275479,2.983752,-0.296305,1.617295
0.549429,-0.020738,0.275586,2.983792,-0.295481,1.617283
0.549286,-0.020643,0.275692,2.983832,-0.294657,1.617272
0.549142,-0.020549,0.275797,2.983872,-0.293833,1.61726
0.548996,-0.020456,0.275901,2.983912,-0.293009,1.617249
0.548847,-0.020365,0.276005,2.983952,-0.292184,1.617237
0.548697,-0.020274,0.276108,2.983992,-0.29136,1.617226
0.548545,-0.020185,0.27621,2.984032,-0.290536,1.617214
0.548392,-0.020097,0.276312,2.984072,-0.289712,1.617203
0.548236,-0.02001,0.276412,2.984112,-0.288888,1.617191
0.548079,-0.019924,0.276512,2.984152,-0.288064,1.61718
0.54792,-0.019839,0.276611,2.984191,-0.28724,1.617169
0.547759,-0.019756,0.276709,2.984231,-0.286416,1.617157
0.547596,-0.019673,0.276806,2.984271,-0.285592,1.617146
0.547431,-0.019592,0.276903,2.984311,-0.284768,1.617135
0.547265,-0.019512,0.276998,2.984351,-0.283944,1.617124
0.547097,-0.019433,0.277093,2.984391,-0.28312,1.617113
0.546927,-0.019356,0.277187,2.98443,-0.282295,1.617102
0.546756,-0.019279,0.27728,2.98447,-0.281471,1.61709
0.546583,-0.019203,0.277373,2.98451,-0.280647,1.617079
0.546408,-0.019129,0.277464,2.98455,-0.279823,1.617068
0.546232,-0.019056,0.277555,2.984589,-0.278999,1.617058
0.546053,-0.018984,0.277645,2.984629,-0.278175,1.617047
0.545874,-0.018913,0.277734,2.984669,-0.277351,1.617036
0.545692,-0.018843,0.277822,2.984708,-0.276527,1.617025
0.545509,-0.018774,0.277909,2.984748,-0.275703,1.617014
0.545325,-0.018706,0.277996,2.984787,-0.274879,1.617003
0.545138,-0.01864,0.278082,2.984827,-0.274055,1.616993
0.54495,-0.018574,0.278166,2.984867,-0.273231,1.616982
0.544761,-0.01851,0.27825,2.984906,-0.272406,1.616971
0.54457,-0.018446,0.278334,2.984946,-0.271582,1.616961
0.544378,-0.018384,0.278416,2.984985,-0.270758,1.61695
0.544184,-0.018323,0.278497,2.985025,-0.269934,1.61694
0.543988,-0.018262,0.278578,2.985064,-0.26911,1.616929
0.543791,-0.018203,0.278658,2.985104,-0.268286,1.616919
0.543592,-0.018145,0.278736,2.985143,-0.267462,1.616908
0.543392,-0.018088,0.278814,2.985182,-0.266638,1.616898
0.543191,-0.018032,0.278892,2.985222,-0.265814,1.616887
0.542988,-0.017978,0.278968,2.985261,-0.26499,1.616877
0.542784,-0.017924,0.279043,2.985301,-0.264166,1.616867
0.542578,-0.017871,0.279118,2.98534,-0.263341,1.616856
0.542371,-0.017819,0.279192,2.985379,-0.262517,1.616846
0.542162,-0.017768,0.279264,2.985419,-0.261693,1.616836
0.541952,-0.017718,0.279336,2.985458,-0.260869,1.616826
0.541741,-0.01767,0.279407,2.985497,-0.260045,1.616816
0.541528,-0.017622,0.279478,2.985536,-0.259221,1.616806
0.541314,-0.017575,0.279547,2.985576,-0.258397,1.616796
0.541099,-0.01753,0.279615,2.985615,-0.257573,1.616786
0.540882,-0.017485,0.279683,2.985654,-0.256749,1.616776
0.540664,-0.017441,0.27975,2.985693,-0.255925,1.616766
0.540445,-0.017398,0.279815,2.985733,-0.255101,1.616756
0.540224,-0.017357,0.27988,2.985772,-0.254276,1.616746
0.540002,-0.017316,0.279944,2.985811,-0.253452,1.616736
0.539779,-0.017276,0.280007,2.98585,-0.252628,1.616726
0.539555,-0.017237,0.28007,2.985889,-0.251804,1.616717
0.539329,-0.017199,0.280131,2.985928,-0.25098,1.616707
0.539103,-0.017162,0.280191,2.985967,-0.250156,1.616697
0.538875,-0.017126,0.280251,2.986006,-0.249332,1.616688
0.538646,-0.017091,0.28031,2.986045,-0.248508,1.616678
0.538416,-0.017057,0.280367,2.986084,-0.247684,1.616668
0.538184,-0.017024,0.280424,2.986123,-0.24686,1.616659
0.537952,-0.016991,0.28048,2.986162,-0.246035,1.616649
0.537718,-0.01696,0.280535,2.986201,-0.245211,1.61664
0.537483,-0.01693,0.280589,2.98624,-0.244387,1.61663
0.537248,-0.0169,0.280642,2.986279,-0.243563,1.616621
0.537011,-0.016871,0.280695,2.986318,-0.242739,1.616612
0.536773,-0.016844,0.280746,2.986357,-0.241915,1.616602
0.536534,-0.016817,0.280797,2.986396,-0.241091,1.616593
0.536294,-0.016791,0.280846,2.986435,-0.240267,1.616584
0.536053,-0.016766,0.280895,2.986474,-0.239443,1.616574
0.535811,-0.016742,0.280943,2.986513,-0.238619,1.616565
0.535568,-0.016718,0.28099,2.986551,-0.237794,1.616556
0.535324,-0.016696,0.281035,2.98659,-0.23697,1.616547
0.535079,-0.016674,0.28108,2.986629,-0.236146,1.616538
0.534833,-0.016654,0.281125,2.986668,-0.235322,1.616529
0.534586,-0.016634,0.281168,2.986707,-0.234498,1.61652
0.534338,-0.016615,0.28121,2.986745,-0.233674,1.616511
0.53409,-0.016597,0.281251,2.986784,-0.23285,1.616502
0.53384,-0.016579,0.281292,2.986823,-0.232026,1.616493
0.53359,-0.016563,0.281331,2.986862,-0.231202,1.616484
0.533339,-0.016547,0.28137,2.9869,-0.230377,1.616475
0.533087,-0.016532,0.281407,2.986939,-0.229553,1.616466
0.532834,-0.016518,0.281444,2.986978,-0.228729,1.616458
0.53258,-0.016505,0.28148,2.987016,-0.227905,1.616449
0.532325,-0.016492,0.281514,2.987055,-0.227081,1.61644
0.53207,-0.016481,0.281548,2.987094,-0.226257,1.616431
0.531814,-0.01647,0.281581,2.987132,-0.225433,1.616423
0.531557,-0.01646,0.281613,2.987171,-0.224609,1.616414
0.5313,-0.01645,0.281644,2.987209,-0.223785,1.616406
0.531041,-0.016442,0.281674,2.987248,-0.22296,1.616397
0.530782,-0.016434,0.281704,2.987287,-0.222136,1.616388
0.530523,-0.016427,0.281732,2.987325,-0.221312,1.61638
0.530262,-0.016421,0.281759,2.987364,-0.220488,1.616372
0.530001,-0.016415,0.281785,2.987402,-0.219664,1.616363
0.529739,-0.016411,0.281811,2.987441,-0.21884,1.616355
0.529477,-0.016407,0.281835,2.987479,-0.218016,1.616346
0.529214,-0.016403,0.281859,2.987518,-0.217192,1.616338
0.528951,-0.016401,0.281881,2.987556,-0.216368,1.61633
0.528686,-0.016399,0.281903,2.987594,-0.215543,1.616322
0.528422,-0.016398,0.281924,2.987633,-0.214719,1.616313
0.528156,-0.016398,0.281944,2.987671,-0.213895,1.616305
0.52789,-0.016398,0.281962,2.98771,-0.213071,1.616297
0.527624,-0.016399,0.28198,2.987748,-0.212247,1.616289
0.527357,-0.016401,0.281997,2.987786,-0.211423,1.616281
0.52709,-0.016403,0.282013,2.987825,-0.210599,1.616273
0.526822,-0.016406,0.282028,2.987863,-0.209775,1.616265
0.526553,-0.01641,0.282042,2.987901,-0.208951,1.616257
0.526285,-0.016414,0.282055,2.98794,-0.208126,1.616249
0.526015,-0.016419,0.282067,2.987978,-0.207302,1.616241
0.525746,-0.016425,0.282079,2.988016,-0.206478,1.616233
0.525475,-0.016431,0.282089,2.988055,-0.205654,1.616225
0.525205,-0.016438,0.282098,2.988093,-0.20483,1.616218
0.524934,-0.016446,0.282106,2.988131,-0.204006,1.61621
0.524663,-0.016454,0.282114,2.988169,-0.203182,1.616202
0.524391,-0.016463,0.28212,2.988208,-0.202358,1.616194
0.524119,-0.016473,0.282126,2.988246,-0.201534,1.616187
0.523847,-0.016483,0.28213,2.988284,-0.200709,1.616179
0.523574,-0.016494,0.282134,2.988322,-0.199885,1.616172
0.523301,-0.016505,0.282136,2.98836,-0.199061,1.616164
0.523028,-0.016517,0.282138,2.988399,-0.198237,1.616156
0.522754,-0.01653,0.282139,2.988437,-0.197413,1.616149
0.52248,-0.016543,0.282138,2.988475,-0.196589,1.616141
0.522206,-0.016557,0.282137,2.988513,-0.195765,1.616134
0.521932,-0.016571,0.282135,2.988551,-0.194941,1.616127
0.521658,-0.016586,0.282132,2.988589,-0.194116,1.616119
0.521383,-0.016601,0.282128,2.988627,-0.193292,1.616112
0.521108,-0.016617,0.282122,2.988665,-0.192468,1.616105
0.520833,-0.016634,0.282116,2.988703,-0.191644,1.616097
0.520558,-0.016651,0.282109,2.988741,-0.19082,1.61609
0.520283,-0.016669,0.282101,2.98878,-0.189996,1.616083
0.520007,-0.016687,0.282092,2.988818,-0.189172,1.616076
0.519732,-0.016706,0.282083,2.988856,-0.188348,1.616069
0.519456,-0.016725,0.282072,2.988894,-0.187523,1.616062
0.51918,-0.016745,0.28206,2.988932,-0.186699,1.616055
0.518904,-0.016765,0.282047,2.98897,-0.185875,1.616047
0.518629,-0.016786,0.282033,2.989007,-0.185051,1.61604
0.518353,-0.016807,0.282019,2.989045,-0.184227,1.616033
0.518077,-0.016829,0.282003,2.989083,-0.183403,1.616027
0.517801,-0.016851,0.281986,2.989121,-0.182579,1.61602
0.517525,-0.016874,0.281969,2.989159,-0.181755,1.616013
0.517249,-0.016897,0.28195,2.989197,-0.18093,1.616006
0.516973,-0.01692,0.281931,2.989235,-0.180106,1.615999
0.516697,-0.016945,0.28191,2.989273,-0.179282,1.615992
0.516421,-0.016969,0.281889,2.989311,-0.178458,1.615986
0.516146,-0.016994,0.281866,2.989349,-0.177634,1.615979
0.51587,-0.01702,0.281843,2.989387,-0.17681,1.615972
0.515594,-0.017046,0.281819,2.989424,-0.175986,1.615966
0.515319,-0.017072,0.281793,2.989462,-0.175162,1.615959
0.515044,-0.017099,0.281767,2.9895,-0.174337,1.615952
0.514768,-0.017126,0.28174,2.989538,-0.173513,1.615946
0.514493,-0.017154,0.281712,2.989576,-0.172689,1.615939
0.514218,-0.017182,0.281683,2.989613,-0.171865,1.615933
0.513944,-0.01721,0.281653,2.989651,-0.171041,1.615926
0.513669,-0.017239,0.281621,2.989689,-0.170217,1.61592
0.513395,-0.017268,0.281589,2.989727,-0.169393,1.615914
0.513121,-0.017298,0.281557,2.989764,-0.168569,1.615907
0.512847,-0.017328,0.281523,2.989802,-0.167744,1.615901
0.512573,-0.017358,0.281488,2.98984,-0.16692,1.615895
0.5123,-0.017389,0.281452,2.989878,-0.166096,1.615888
0.512027,-0.01742,0.281415,2.989915,-0.165272,1.615882
0.511754,-0.017451,0.281377,2.989953,-0.164448,1.615876
0.511482,-0.017483,0.281339,2.989991,-0.163624,1.61587
0.51121,-0.017515,0.281299,2.990028,-0.1628,1.615864
0.510938,-0.017548,0.281258,2.990066,-0.161976,1.615858
0.510666,-0.017581,0.281217,2.990104,-0.161151,1.615852
0.510395,-0.017614,0.281174,2.990141,-0.160327,1.615846
0.510125,-0.017647,0.281131,2.990179,-0.159503,1.61584
0.509854,-0.017681,0.281086,2.990217,-0.158679,1.615834
0.509584,-0.017715,0.281041,2.990254,-0.157855,1.615828
0.509315,-0.01775,0.280994,2.990292,-0.157031,1.615822
0.509045,-0.017784,0.280947,2.990329,-0.156207,1.615816
0.508777,-0.017819,0.280899,2.990367,-0.155383,1.61581
0.508508,-0.017855,0.28085,2.990404,-0.154558,1.615804
0.508241,-0.01789,0.2808,2.990442,-0.153734,1.615799
0.507973,-0.017926,0.280748,2.99048,-0.15291,1.615793
0.507706,-0.017962,0.280696,2.990517,-0.152086,1.615787
0.50744,-0.017999,0.280643,2.990555,-0.151262,1.615781
0.507174,-0.018035,0.280589,2.990592,-0.150438,1.615776
0.506909,-0.018072,0.280535,2.99063,-0.149614,1.61577
0.506644,-0.01811,0.280479,2.990667,-0.148789,1.615765
0.50638,-0.018147,0.280422,2.990705,-0.147965,1.615759
0.506116,-0.018185,0.280364,2.990742,-0.147141,1.615754
0.505853,-0.018222,0.280306,2.99078,-0.146317,1.615748
0.50559,-0.018261,0.280246,2.990817,-0.145493,1.615743
0.505328,-0.018299,0.280185,2.990855,-0.144669,1.615737
0.505067,-0.018337,0.280124,2.990892,-0.143845,1.615732
0.504806,-0.018376,0.280061,2.990929,-0.143021,1.615727
0.504546,-0.018415,0.279998,2.990967,-0.142196,1.615721
0.504287,-0.018454,0.279934,2.991004,-0.141372,1.615716
0.504028,-0.018494,0.279869,2.991042,-0.140548,1.615711
0.50377,-0.018533,0.279802,2.991079,-0.139724,1.615705
0.503512,-0.018573,0.279735,2.991117,-0.1389,1.6157
0.503256,-0.018613,0.279667,2.991154,-0.138076,1.615695
0.503,-0.018653,0.279598,2.991191,-0.137252,1.61569
0.502744,-0.018693,0.279528,2.991229,-0.136427,1.615685
0.50249,-0.018734,0.279458,2.991266,-0.135603,1.61568
0.502236,-0.018774,0.279386,2.991303,-0.134779,1.615675
0.501983,-0.018815,0.279313,2.991341,-0.133955,1.61567
0.50173,-0.018856,0.279239,2.991378,-0.133131,1.615665
0.501479,-0.018897,0.279165,2.991415,-0.132307,1.61566
0.501228,-0.018938,0.279089,2.991453,-0.131483,1.615655
0.500978,-0.018979,0.279013,2.99149,-0.130658,1.61565
0.500729,-0.019021,0.278936,2.991527,-0.129834,1.615645
0.50048,-0.019062,0.278858,2.991565,-0.12901,1.61564
0.500233,-0.019104,0.278778,2.991602,-0.128186,1.615636
0.499986,-0.019146,0.278698,2.991639,-0.127362,1.615631
0.49974,-0.019187,0.278617,2.991676,-0.126538,1.615626
0.499495,-0.019229,0.278535,2.991714,-0.125714,1.615621
0.499251,-0.019271,0.278453,2.991751,-0.124889,1.615617
0.499008,-0.019313,0.278369,2.991788,-0.124065,1.615612
0.498765,-0.019356,0.278284,2.991825,-0.123241,1.615608
0.498524,-0.019398,0.278199,2.991863,-0.122417,1.615603
0.498283,-0.01944,0.278112,2.9919,-0.121593,1.615598
0.498044,-0.019483,0.278025,2.991937,-0.120769,1.615594
0.497805,-0.019525,0.277937,2.991974,-0.119945,1.61559
0.497567,-0.019568,0.277848,2.992012,-0.119121,1.615585
0.49733,-0.01961,0.277757,2.992049,-0.118296,1.615581
0.497095,-0.019653,0.277667,2.992086,-0.117472,1.615576
0.49686,-0.019696,0.277575,2.992123,-0.116648,1.615572
0.496626,-0.019738,0.277482,2.99216,-0.115824,1.615568
0.496393,-0.019781,0.277388,2.992197,-0.115,1.615563
0.496161,-0.019824,0.277294,2.992235,-0.114176,1.615559
0.49593,-0.019867,0.277198,2.992272,-0.113352,1.615555
0.495701,-0.01991,0.277102,2.992309,-0.112527,1.615551
0.495472,-0.019953,0.277005,2.992346,-0.111703,1.615547
0.495244,-0.019995,0.276907,2.992383,-0.110879,1.615542
0.495017,-0.020038,0.276808,2.99242,-0.110055,1.615538
0.494792,-0.020081,0.276708,2.992457,-0.109231,1.615534
0.494567,-0.020124,0.276607,2.992495,-0.108407,1.61553
0.494344,-0.020167,0.276505,2.992532,-0.107583,1.615526
0.494121,-0.02021,0.276403,2.992569,-0.106758,1.615522
0.4939,-0.020252,0.276299,2.992606,-0.105934,1.615518
0.49368,-0.020295,0.276195,2.992643,-0.10511,1.615514
0.493461,-0.020338,0.27609,2.99268,-0.104286,1.615511
0.493243,-0.020381,0.275984,2.992717,-0.103462,1.615507
0.493026,-0.020423,0.275877,2.992754,-0.102638,1.615503
0.492811,-0.020466,0.275769,2.992791,-0.101814,1.615499
0.492596,-0.020509,0.27566,2.992828,-0.100989,1.615495
0.492383,-0.020551,0.275551,2.992865,-0.100165,1.615492
0.492171,-0.020594,0.27544,2.992902,-0.099341,1.615488
0.49196,-0.020636,0.275329,2.992939,-0.098517,1.615484
0.49175,-0.020679,0.275217,2.992976,-0.097693,1.615481
0.491542,-0.020721,0.275104,2.993013,-0.096869,1.615477
0.491335,-0.020763,0.27499,2.992972,-0.096155,1.615768
0.491128,-0.020805,0.274876,2.992522,-0.096018,1.617602
0.490924,-0.020847,0.27476,2.992071,-0.09588,1.619435
0.49072,-0.020889,0.274644,2.991621,-0.095741,1.621268
0.490518,-0.020931,0.274526,2.991171,-0.095601,1.6231
0.490316,-0.020973,0.274408,2.990722,-0.095461,1.624933
0.490117,-0.021015,0.274289,2.990273,-0.095319,1.626766
0.489918,-0.021056,0.27417,2.989824,-0.095177,1.628598
0.489721,-0.021098,0.274049,2.989375,-0.095034,1.630431
0.489525,-0.021139,0.273927,2.988927,-0.094891,1.632263
0.48933,-0.021181,0.273805,2.988478,-0.094746,1.634096
0.489136,-0.021222,0.273682,2.98803,-0.094601,1.635928
0.488944,-0.021263,0.273558,2.987583,-0.094454,1.63776
0.488753,-0.021304,0.273433,2.987135,-0.094307,1.639592
0.488564,-0.021344,0.273308,2.986688,-0.094159,1.641424
0.488376,-0.021385,0.273181,2.986242,-0.094011,1.643256
0.488189,-0.021425,0.273054,2.985795,-0.093861,1.645088
0.488003,-0.021466,0.272926,2.985349,-0.093711,1.646919
0.487819,-0.021506,0.272797,2.984903,-0.09356,1.648751
0.487636,-0.021546,0.272667,2.984457,-0.093408,1.650583
0.487455,-0.021586,0.272536,2.984012,-0.093255,1.652414
0.487275,-0.021626,0.272405,2.983567,-0.093102,1.654245
0.487096,-0.021665,0.272273,2.983122,-0.092947,1.656076
0.486919,-0.021705,0.27214,2.982677,-0.092792,1.657908
0.486743,-0.021744,0.272006,2.982233,-0.092636,1.659739
0.486569,-0.021783,0.271871,2.981789,-0.09248,1.66157
0.486396,-0.021822,0.271736,2.981346,-0.092322,1.6634
0.486224,-0.02186,0.271599,2.980902,-0.092164,1.665231
0.486054,-0.021899,0.271462,2.980459,-0.092004,1.667062
0.485885,-0.021937,0.271324,2.980017,-0.091844,1.668892
0.485717,-0.021975,0.271186,2.979574,-0.091683,1.670723
0.485551,-0.022013,0.271046,2.979132,-0.091522,1.672553
0.485387,-0.022051,0.270906,2.97869,-0.091359,1.674383
0.485224,-0.022088,0.270765,2.978249,-0.091196,1.676213
0.485062,-0.022126,0.270623,2.977807,-0.091032,1.678043
0.484902,-0.022163,0.27048,2.977367,-0.090867,1.679873
0.484743,-0.0222,0.270337,2.976926,-0.090702,1.681703
0.484586,-0.022236,0.270193,2.976486,-0.090535,1.683533
0.484431,-0.022273,0.270048,2.976046,-0.090368,1.685363
0.484276,-0.022309,0.269902,2.975606,-0.0902,1.687192
0.484124,-0.022345,0.269755,2.975167,-0.090031,1.689022
0.483972,-0.022381,0.269608,2.974728,-0.089861,1.690851
0.483823,-0.022416,0.26946,2.974289,-0.089691,1.69268
0.483675,-0.022452,0.269311,2.973851,-0.08952,1.694509
0.483528,-0.022487,0.269162,2.973413,-0.089348,1.696338
0.483383,-0.022521,0.269011,2.972975,-0.089175,1.698167
0.483239,-0.022556,0.26886,2.972537,-0.089001,1.699996
0.483097,-0.02259,0.268708,2.9721,-0.088827,1.701825
0.482956,-0.022624,0.268555,2.971664,-0.088651,1.703653
0.482817,-0.022658,0.268402,2.971227,-0.088475,1.705482
0.48268,-0.022692,0.268248,2.970791,-0.088299,1.70731
0.482544,-0.022725,0.268093,2.970355,-0.088121,1.709138
0.48241,-0.022758,0.267937,2.96992,-0.087943,1.710967
0.482277,-0.02279,0.267781,2.969485,-0.087763,1.712795
0.482145,-0.022823,0.267623,2.96905,-0.087583,1.714623
0.482016,-0.022855,0.267465,2.968616,-0.087402,1.71645
0.481888,-0.022887,0.267307,2.968181,-0.087221,1.718278
0.481761,-0.022918,0.267147,2.967748,-0.087039,1.720106
0.481636,-0.02295,0.266987,2.967314,-0.086855,1.721933
0.481513,-0.022981,0.266826,2.966881,-0.086671,1.723761
0.481391,-0.023012,0.266664,2.966449,-0.086487,1.725588
0.481271,-0.023042,0.266502,2.966016,-0.086301,1.727415
0.481153,-0.023072,0.266339,2.965584,-0.086115,1.729242
0.481036,-0.023102,0.266175,2.965153,-0.085928,1.731069
0.48092,-0.023131,0.26601,2.964721,-0.08574,1.732896
0.480807,-0.023161,0.265845,2.96429,-0.085551,1.734723
0.480695,-0.02319,0.265679,2.96386,-0.085362,1.73655
0.480584,-0.023218,0.265512,2.963429,-0.085171,1.738376
0.480475,-0.023247,0.265345,2.962999,-0.08498,1.740203
0.480368,-0.023274,0.265177,2.96257,-0.084789,1.742029
0.480263,-0.023302,0.265008,2.962141,-0.084596,1.743855
0.480159,-0.023329,0.264838,2.961712,-0.084403,1.745681
0.480056,-0.023356,0.264668,2.961283,-0.084209,1.747507
0.479956,-0.023383,0.264497,2.960855,-0.084014,1.749333
0.479857,-0.023409,0.264325,2.960428,-0.083818,1.751159
0.479759,-0.023436,0.264153,2.96,-0.083621,1.752984
0.479664,-0.023461,0.26398,2.959573,-0.083424,1.75481
0.47957,-0.023487,0.263806,2.959147,-0.083226,1.756635
0.479477,-0.023512,0.263631,2.95872,-0.083027,1.758461
0.479387,-0.023536,0.263456,2.958295,-0.082828,1.760286
0.479298,-0.02356,0.26328,2.957869,-0.082627,1.762111
0.47921,-0.023584,0.263104,2.957444,-0.082426,1.763936
0.479125,-0.023608,0.262926,2.957019,-0.082224,1.765761
0.479041,-0.023631,0.262748,2.956595,-0.082022,1.767585
0.478959,-0.023654,0.26257,2.956171,-0.081818,1.76941
0.478878,-0.023677,0.26239,2.955747,-0.081614,1.771234
0.478799,-0.023699,0.26221,2.955324,-0.081409,1.773059
0.478722,-0.023721,0.26203,2.954901,-0.081203,1.774883
0.478646,-0.023742,0.261848,2.954479,-0.080997,1.776707
0.478573,-0.023763,0.261666,2.954056,-0.080789,1.778531
0.4785,-0.023784,0.261483,2.953635,-0.080581,1.780355
0.47843,-0.023804,0.2613,2.953213,-0.080373,1.782179
0.478361,-0.023824,0.261116,2.952793,-0.080163,1.784002
0.478294,-0.023844,0.260931,2.952372,-0.079953,1.785826
0.478229,-0.023863,0.260746,2.951952,-0.079742,1.787649
0.478166,-0.023882,0.26056,2.951532,-0.07953,1.789473
0.478104,-0.023901,0.260373,2.951113,-0.079317,1.791296
0.478044,-0.023919,0.260186,2.950694,-0.079104,1.793119
0.477985,-0.023936,0.259998,2.950275,-0.078889,1.794942
0.477929,-0.023954,0.259809,2.949857,-0.078674,1.796764
0.477874,-0.023971,0.25962,2.949439,-0.078459,1.798587
0.47782,-0.023987,0.25943,2.949022,-0.078242,1.80041
0.477769,-0.024003,0.259239,2.948605,-0.078025,1.802232
0.477719,-0.024019,0.259048,2.948188,-0.077807,1.804054
0.477671,-0.024034,0.258856,2.947772,-0.077588,1.805877
0.477625,-0.024049,0.258663,2.947357,-0.077369,1.807699
0.47758,-0.024064,0.25847,2.946941,-0.077149,1.809521
0.477538,-0.024078,0.258276,2.946526,-0.076928,1.811342
0.477497,-0.024092,0.258082,2.946112,-0.076706,1.813164
0.477457,-0.024105,0.257887,2.945698,-0.076484,1.814986
0.47742,-0.024118,0.257691,2.945284,-0.07626,1.816807
0.477384,-0.024131,0.257495,2.944871,-0.076036,1.818629
0.47735,-0.024143,0.257298,2.944458,-0.075812,1.82045
0.477318,-0.024154,0.2571,2.944046,-0.075586,1.822271
0.477287,-0.024166,0.256902,2.943634,-0.07536,1.824092
0.477258,-0.024177,0.256703,2.943222,-0.075133,1.825913
0.477231,-0.024187,0.256503,2.942811,-0.074905,1.827733
0.477206,-0.024197,0.256303,2.9424,-0.074677,1.829554
0.477183,-0.024207,0.256103,2.94199,-0.074447,1.831374
0.477161,-0.024216,0.255901,2.94158,-0.074217,1.833195
0.477141,-0.024225,0.255699,2.94117,-0.073987,1.835015
0.477123,-0.024233,0.255497,2.940761,-0.073755,1.836835
0.477107,-0.024241,0.255293,2.940353,-0.073523,1.838655
0.477092,-0.024248,0.25509,2.939945,-0.07329,1.840475
0.477079,-0.024255,0.254885,2.939537,-0.073056,1.842294
0.477068,-0.024262,0.25468,2.93913,-0.072822,1.844114
0.477059,-0.024268,0.254474,2.938723,-0.072587,1.845934
0.477051,-0.024274,0.254268,2.938316,-0.072351,1.847753
0.477045,-0.024279,0.254061,2.93791,-0.072114,1.849572
0.477041,-0.024284,0.253854,2.937505,-0.071877,1.851391
0.477039,-0.024288,0.253646,2.9371,-0.071639,1.85321
0.477039,-0.024292,0.253437,2.936695,-0.0714,1.855029
0.47704,-0.024296,0.253228,2.936291,-0.07116,1.856848
0.477043,-0.024299,0.253018,2.935887,-0.07092,1.858666
0.477048,-0.024301,0.252808,2.935484,-0.070679,1.860485
0.477055,-0.024303,0.252597,2.935081,-0.070437,1.862303
0.477064,-0.024305,0.252385,2.934678,-0.070195,1.864121
0.477074,-0.024306,0.252173,2.934276,-0.069952,1.865939
0.477086,-0.024307,0.25196,2.933875,-0.069708,1.867757
0.4771,-0.024307,0.251746,2.933474,-0.069463,1.869575
0.477116,-0.024307,0.251532,2.933073,-0.069217,1.871392
0.477133,-0.024307,0.251318,2.932673,-0.068971,1.87321
0.477152,-0.024306,0.251103,2.932273,-0.068724,1.875027
0.477173,-0.024304,0.250887,2.931874,-0.068477,1.876845
0.477196,-0.024302,0.250671,2.931475,-0.068229,1.878662
0.477221,-0.0243,0.250454,2.931077,-0.06798,1.880479
0.477248,-0.024297,0.250236,2.930679,-0.06773,1.882296
0.477276,-0.024294,0.250018,2.930281,-0.067479,1.884112
0.477306,-0.02429,0.2498,2.929884,-0.067228,1.885929
0.477338,-0.024285,0.24958,2.929488,-0.066976,1.887745
0.477372,-0.024281,0.249361,2.929092,-0.066724,1.889562
0.477407,-0.024275,0.24914,2.928696,-0.06647,1.891378
0.477444,-0.02427,0.248919,2.928301,-0.066216,1.893194
0.477484,-0.024264,0.248698,2.927907,-0.065961,1.89501
0.477525,-0.024257,0.248476,2.927512,-0.065706,1.896826
0.477567,-0.02425,0.248253,2.927119,-0.06545,1.898641
0.477612,-0.024242,0.24803,2.926726,-0.065193,1.900457
0.477658,-0.024234,0.247806,2.926333,-0.064935,1.902272
0.477706,-0.024225,0.247581,2.925941,-0.064677,1.904088
0.477756,-0.024216,0.247357,2.925549,-0.064418,1.905903
0.477808,-0.024207,0.247131,2.925157,-0.064158,1.907718
0.477862,-0.024197,0.246905,2.924767,-0.063897,1.909533
0.477917,-0.024186,0.246678,2.924376,-0.063636,1.911348
0.477975,-0.024175,0.246451,2.923986,-0.063374,1.913162
0.478034,-0.024164,0.246223,2.923597,-0.063112,1.914977
0.478095,-0.024152,0.245995,2.923208,-0.062848,1.916791
0.478158,-0.024139,0.245766,2.92282,-0.062584,1.918605
0.478222,-0.024126,0.245537,2.922432,-0.06232,1.920419
0.478289,-0.024113,0.245307,2.922044,-0.062054,1.922233
0.478357,-0.024099,0.245076,2.921657,-0.061788,1.924047
0.478427,-0.024085,0.244845,2.921271,-0.061521,1.925861
0.478499,-0.02407,0.244613,2.920885,-0.061254,1.927675
0.478573,-0.024054,0.244381,2.9205,-0.060986,1.929488
0.478648,-0.024038,0.244148,2.920115,-0.060717,1.931301
0.478726,-0.024022,0.243915,2.91973,-0.060447,1.933114
0.478805,-0.024005,0.243681,2.919346,-0.060177,1.934927
0.478886,-0.023987,0.243446,2.918963,-0.059906,1.93674
0.478969,-0.023969,0.243211,2.91858,-0.059634,1.938553
0.479054,-0.023951,0.242975,2.918197,-0.059362,1.940366
0.47914,-0.023932,0.242739,2.917815,-0.059089,1.942178
0.479229,-0.023913,0.242502,2.917434,-0.058815,1.943991
0.479319,-0.023893,0.242265,2.917053,-0.058541,1.945803
0.479411,-0.023872,0.242027,2.916672,-0.058265,1.947615
0.479505,-0.023851,0.241789,2.916292,-0.05799,1.949427
0.479601,-0.02383,0.24155,2.915913,-0.057713,1.951239
0.479699,-0.023808,0.24131,2.915534,-0.057436,1.953051
0.479798,-0.023785,0.24107,2.915155,-0.057158,1.954862
0.479899,-0.023762,0.240829,2.914778,-0.056879,1.956673
0.480003,-0.023738,0.240588,2.9144,-0.0566,1.958485
0.480108,-0.023714,0.240346,2.914023,-0.05632,1.960296
0.480215,-0.02369,0.240104,2.913647,-0.05604,1.962107
0.480324,-0.023664,0.239861,2.913271,-0.055758,1.963918
0.480434,-0.023639,0.239618,2.912896,-0.055476,1.965729
0.480547,-0.023613,0.239374,2.912521,-0.055194,1.967539
0.480661,-0.023586,0.239129,2.912146,-0.05491,1.96935
0.480777,-0.023559,0.238884,2.911773,-0.054626,1.97116
0.480896,-0.023531,0.238638,2.911399,-0.054342,1.97297
0.481016,-0.023503,0.238392,2.911027,-0.054056,1.97478
0.481138,-0.023474,0.238145,2.910654,-0.05377,1.97659
0.481261,-0.023444,0.237898,2.910283,-0.053484,1.9784
0.481387,-0.023414,0.23765,2.909911,-0.053196,1.98021
0.481514,-0.023384,0.237401,2.909541,-0.052908,1.982019
0.481644,-0.023353,0.237152,2.909171,-0.05262,1.983829
0.481775,-0.023322,0.236902,2.908801,-0.05233,1.985638
0.481908,-0.023289,0.236652,2.908432,-0.05204,1.987447
0.482043,-0.023257,0.236401,2.908063,-0.051749,1.989256
0.48218,-0.023224,0.23615,2.907695,-0.051458,1.991065
0.482319,-0.02319,0.235898,2.907328,-0.051166,1.992874
0.48246,-0.023156,0.235645,2.906961,-0.050873,1.994682
0.482603,-0.023121,0.235392,2.906595,-0.05058,1.996491
0.482747,-0.023086,0.235139,2.906229,-0.050286,1.998299
0.482894,-0.02305,0.234884,2.905863,-0.049991,2.000107
0.483042,-0.023013,0.234629,2.905499,-0.049696,2.001916
0.483192,-0.022977,0.234374,2.905134,-0.0494,2.003723
0.483345,-0.022939,0.234118,2.904771,-0.049103,2.005531
0.483499,-0.022901,0.233861,2.904408,-0.048806,2.007339
0.483655,-0.022862,0.233604,2.904045,-0.048508,2.009146
0.483813,-0.022823,0.233346,2.903683,-0.048209,2.010954
0.483972,-0.022783,0.233089,2.903322,-0.04791,2.012758
0.484133,-0.022743,0.232832,2.902964,-0.047613,2.01455
0.484294,-0.022703,0.232577,2.90261,-0.047318,2.016326
0.484455,-0.022663,0.232323,2.902259,-0.047024,2.018088
0.484617,-0.022622,0.232071,2.901911,-0.046732,2.019835
0.48478,-0.022582,0.23182,2.901567,-0.046442,2.021568
0.484943,-0.022541,0.231571,2.901226,-0.046154,2.023286
0.485106,-0.022499,0.231324,2.900889,-0.045867,2.02499
0.485269,-0.022458,0.231078,2.900555,-0.045583,2.026679
0.485433,-0.022417,0.230834,2.900224,-0.0453,2.028354
0.485597,-0.022375,0.230591,2.899897,-0.045019,2.030014
0.485762,-0.022333,0.23035,2.899572,-0.04474,2.031659
0.485926,-0.022292,0.230111,2.899252,-0.044463,2.03329
0.486091,-0.02225,0.229873,2.898934,-0.044188,2.034906
0.486255,-0.022208,0.229637,2.89862,-0.043915,2.036508
0.48642,-0.022166,0.229402,2.898309,-0.043644,2.038095
0.486585,-0.022124,0.229169,2.898001,-0.043375,2.039668
0.48675,-0.022082,0.228938,2.897697,-0.043108,2.041226
0.486915,-0.022039,0.228708,2.897396,-0.042843,2.042769
0.487079,-0.021997,0.228481,2.897098,-0.04258,2.044298
0.487244,-0.021955,0.228254,2.896803,-0.042319,2.045813
0.487408,-0.021913,0.22803,2.896511,-0.04206,2.047313
0.487572,-0.02187,0.227807,2.896223,-0.041803,2.048798
0.487736,-0.021828,0.227587,2.895938,-0.041548,2.050269
0.487899,-0.021786,0.227367,2.895656,-0.041295,2.051726
0.488063,-0.021744,0.22715,2.895377,-0.041044,2.053167
0.488225,-0.021701,0.226934,2.895101,-0.040796,2.054595
0.488388,-0.021659,0.226721,2.894828,-0.040549,2.056008
0.48855,-0.021617,0.226509,2.894559,-0.040305,2.057406
0.488711,-0.021575,0.226298,2.894293,-0.040063,2.05879
0.488873,-0.021533,0.22609,2.894029,-0.039823,2.060159
0.489033,-0.021492,0.225883,2.893769,-0.039585,2.061514
0.489193,-0.02145,0.225679,2.893512,-0.039349,2.062854
0.489352,-0.021408,0.225476,2.893258,-0.039116,2.06418
0.489511,-0.021367,0.225275,2.893007,-0.038885,2.065491
0.489669,-0.021326,0.225076,2.89276,-0.038656,2.066788
0.489827,-0.021285,0.224878,2.892515,-0.038429,2.06807
0.489983,-0.021244,0.224683,2.892273,-0.038204,2.069338
0.490139,-0.021203,0.224489,2.892034,-0.037982,2.070592
0.490294,-0.021162,0.224298,2.891799,-0.037762,2.07183
0.490448,-0.021121,0.224108,2.891566,-0.037544,2.073055
0.490602,-0.021081,0.22392,2.891336,-0.037329,2.074265
0.490754,-0.021041,0.223735,2.89111,-0.037116,2.07546
0.490905,-0.021001,0.223551,2.890886,-0.036905,2.076641
0.491056,-0.020962,0.223369,2.890665,-0.036696,2.077807
0.491206,-0.020922,0.223189,2.890448,-0.03649,2.078959
0.491354,-0.020883,0.223011,2.890233,-0.036286,2.080097
0.491502,-0.020844,0.222835,2.890021,-0.036085,2.08122
0.491648,-0.020805,0.222661,2.889812,-0.035886,2.082328
0.491793,-0.020767,0.222489,2.889606,-0.035689,2.083423
0.491937,-0.020729,0.222319,2.889403,-0.035494,2.084502
0.49208,-0.020691,0.222151,2.889203,-0.035302,2.085567
0.492222,-0.020653,0.221985,2.889006,-0.035113,2.086618
0.492362,-0.020616,0.221822,2.888812,-0.034925,2.087654
0.492502,-0.020579,0.22166,2.88862,-0.034741,2.088676
0.49264,-0.020542,0.2215,2.888432,-0.034558,2.089683
0.492776,-0.020506,0.221342,2.888246,-0.034378,2.090676
0.492912,-0.02047,0.221187,2.888064,-0.034201,2.091655
0.493046,-0.020434,0.221033,2.887884,-0.034025,2.092619
0.493178,-0.020399,0.220882,2.887707,-0.033853,2.093568
0.493255,-0.020378,0.220795,2.887533,-0.033683,2.094503
0.493255,-0.020378,0.220795,2.887361,-0.033515,2.095424
0.493255,-0.020378,0.220795,2.887193,-0.033349,2.09633
0.493255,-0.020378,0.220795,2.887027,-0.033187,2.097222
0.493255,-0.020378,0.220795,2.886864,-0.033026,2.098099
0.493255,-0.020378,0.220795,2.886704,-0.032868,2.098962
0.493255,-0.020378,0.220795,2.886547,-0.032713,2.099811
0.493255,-0.020378,0.220795,2.886392,-0.03256,2.100645
0.493255,-0.020378,0.220795,2.886241,-0.03241,2.101464
0.493255,-0.020378,0.220795,2.886092,-0.032262,2.102269
0.493255,-0.020378,0.220795,2.885946,-0.032117,2.10306
0.493255,-0.020378,0.220795,2.885803,-0.031974,2.103836
0.493255,-0.020378,0.220795,2.885662,-0.031834,2.104598
0.493255,-0.020378,0.220795,2.885524,-0.031696,2.105346
0.493255,-0.020378,0.220795,2.885389,-0.031561,2.106079
0.493255,-0.020378,0.220795,2.885257,-0.031429,2.106797
0.493255,-0.020378,0.220795,2.885127,-0.031299,2.107502
0.493255,-0.020378,0.220795,2.885001,-0.031171,2.108191
0.493255,-0.020378,0.220795,2.884877,-0.031047,2.108867
0.493255,-0.020378,0.220795,2.884755,-0.030924,2.109528
0.493255,-0.020378,0.220795,2.884637,-0.030805,2.110174
0.493255,-0.020378,0.220795,2.884521,-0.030688,2.110806
0.493255,-0.020378,0.220795,2.884407,-0.030573,2.111424
0.493255,-0.020378,0.220795,2.884297,-0.030461,2.112027
0.493255,-0.020378,0.220795,2.884189,-0.030352,2.112616
0.493255,-0.020378,0.220795,2.884084,-0.030245,2.11319
0.493255,-0.020378,0.220795,2.883982,-0.030141,2.11375
0.493255,-0.020378,0.220795,2.883882,-0.03004,2.114296
0.493255,-0.020378,0.220795,2.883785,-0.029941,2.114827
0.493255,-0.020378,0.220795,2.883691,-0.029845,2.115344
0.493255,-0.020378,0.220795,2.883599,-0.029751,2.115846
0.493255,-0.020378,0.220795,2.88351,-0.02966,2.116334
0.493255,-0.020378,0.220795,2.883424,-0.029572,2.116808
0.493255,-0.020378,0.220795,2.88334,-0.029487,2.117267
0.493255,-0.020378,0.220795,2.883259,-0.029404,2.117712
0.493255,-0.020378,0.220795,2.883181,-0.029323,2.118142
0.493255,-0.020378,0.220795,2.883105,-0.029246,2.118558
0.493255,-0.020378,0.220795,2.883032,-0.029171,2.11896
0.493255,-0.020378,0.220795,2.882962,-0.029098,2.119347
0.493255,-0.020378,0.220795,2.882894,-0.029029,2.119719
0.493255,-0.020378,0.220795,2.882829,-0.028962,2.120078
0.493255,-0.020378,0.220795,2.882767,-0.028897,2.120422
0.493255,-0.020378,0.220795,2.882707,-0.028836,2.120751
0.493255,-0.020378,0.220795,2.88265,-0.028777,2.121066
0.493255,-0.020378,0.220795,2.882595,-0.02872,2.121367
0.493255,-0.020378,0.220795,2.882543,-0.028667,2.121653
0.493255,-0.020378,0.220795,2.882494,-0.028616,2.121925
0.493255,-0.020378,0.220795,2.882447,-0.028567,2.122183
0.493255,-0.020378,0.220795,2.882403,-0.028522,2.122426
0.493255,-0.020378,0.220795,2.882362,-0.028479,2.122655
0.493255,-0.020378,0.220795,2.882323,-0.028439,2.122869
0.493255,-0.020378,0.220795,2.882286,-0.028401,2.123069
0.493255,-0.020378,0.220795,2.882253,-0.028366,2.123255
0.493255,-0.020378,0.220795,2.882222,-0.028334,2.123426
0.493255,-0.020378,0.220795,2.882194,-0.028305,2.123583
0.493255,-0.020378,0.220795,2.882168,-0.028278,2.123725
0.493255,-0.020378,0.220795,2.882145,-0.028254,2.123853
0.493255,-0.020378,0.220795,2.882124,-0.028233,2.123967
0.493255,-0.020378,0.220795,2.882106,-0.028214,2.124066
0.493255,-0.020378,0.220795,2.882091,-0.028198,2.124151
0.493255,-0.020378,0.220795,2.882078,-0.028185,2.124221
0.493255,-0.020378,0.220795,2.882068,-0.028175,2.124277
0.493255,-0.020378,0.220795,2.88206,-0.028167,2.124319
0.493255,-0.020378,0.220795,2.882055,-0.028162,2.124346
0.493255,-0.020378,0.220795,2.882053,-0.028159,2.124359
